<?xml version="1.0" encoding="UTF-8"?><!--
DISCLAIMER

THE INFORMATION CONTAINED HEREIN AND THE FINANCIAL INFORMATION EXCHANGE PROTOCOL (COLLECTIVELY, THE "FIX PROTOCOL") ARE PROVIDED "AS IS" AND NO PERSON OR ENTITY ASSOCIATED WITH THE FIX PROTOCOL MAKES ANY REPRESENTATION OR WARRANTY, EXPRESS OR IMPLIED, AS TO THE FIX PROTOCOL (OR THE RESULTS TO BE OBTAINED BY THE USE THEREOF) OR ANY OTHER MATTER AND EACH SUCH PERSON AND ENTITY SPECIFICALLY DISCLAIMS ANY WARRANTY OF ORIGINALITY, ACCURACY, COMPLETENESS, MERCHANTABILITY OR FITNESS FOR A PARTICULAR PURPOSE. SUCH PERSONS AND ENTITIES DO NOT WARRANT THAT THE FIX PROTOCOL WILL CONFORM TO ANY DESCRIPTION THEREOF OR BE FREE OF ERRORS. THE ENTIRE RISK OF ANY USE OF THE FIX PROTOCOL IS ASSUMED BY THE USER.

NO PERSON OR ENTITY ASSOCIATED WITH THE FIX PROTOCOL SHALL HAVE ANY LIABILITY FOR DAMAGES OF ANY KIND ARISING IN ANY MANNER OUT OF OR IN CONNECTION WITH ANY USER'S USE OF (OR ANY INABILITY TO USE) THE FIX PROTOCOL, WHETHER DIRECT, INDIRECT, INCIDENTAL, SPECIAL OR CONSEQUENTIAL (INCLUDING, WITHOUT LIMITATION, LOSS OF DATA, LOSS OF USE, CLAIMS OF THIRD PARTIES OR LOST PROFITS OR REVENUES OR OTHER ECONOMIC LOSS), WHETHER IN TORT (INCLUDING NEGLIGENCE AND STRICT LIABILITY), CONTRACT OR OTHERWISE, WHETHER OR NOT ANY SUCH PERSON OR ENTITY HAS BEEN ADVISED OF, OR OTHERWISE MIGHT HAVE ANTICIPATED THE POSSIBILITY OF, SUCH DAMAGES.

No proprietary or ownership interest of any kind is granted with respect to the FIX Protocol (or any rights therein).

Copyright 2003-2009 FIX Protocol Limited, all rights reserved

REPRODUCTION

FIX Protocol Limited grants permission to print in hard copy form or reproduce the FIX Protocol specification in its entirety provided that the duplicated pages retain the "Copyright FIX Protocol Limited" statement at the bottom of the page.

Portions of the FIX Protocol specification may be extracted or cited in other documents (such as a document which describes one's implementation of the FIX Protocol) provided that one reference the origin of the FIX Protocol specification (HTUhttp://www.fixprotocol.orgUTH) and that the specification itself is "Copyright FIX Protocol Limited".
FIX Protocol Limited claims no intellectual property over one's implementation (programming code) of an application which implements the behavior and details from the FIX Protocol specification. 	
--><Components xmlns:xsi="http://www.w3.org/2001/XMLSchema-instance" copyright="Copyright (c) FIX Protocol Ltd. All Rights Reserved." edition="2010" version="FIX.4.3" xsi:noNamespaceSchemaLocation="../../schema/Components.xsd" generated="2010-03-13T14:54:02-05:00">
	<Component added="FIX.4.3">
		<ComponentID>1000</ComponentID>
		<ComponentType>Block</ComponentType>
		<CategoryID>Common</CategoryID>
		<Name>CommissionData</Name>
		<NotReqXML>1</NotReqXML>
		<Description>The CommissionDate component block is used to carry commission information such as the type of commission and the rate.</Description>
	</Component>
	<Component added="FIX.4.3">
		<ComponentID>1003</ComponentID>
		<ComponentType>Block</ComponentType>
		<CategoryID>Common</CategoryID>
		<Name>Instrument</Name>
		<NotReqXML>1</NotReqXML>
		<Description>The Instrument component block contains all the fields commonly used to describe a security or instrument. Typically the data elements in this component block are considered the static data of a security, data that may be commonly found in a security master database. The Instrument component block can be used to describe any asset type supported by FIX.</Description>
	</Component>
	<Component added="FIX.4.3">
		<ComponentID>1005</ComponentID>
		<ComponentType>Block</ComponentType>
		<CategoryID>Common</CategoryID>
		<Name>InstrumentLeg</Name>
		<NotReqXML>1</NotReqXML>
		<Description>The InstrumentLeg component block, like the Instrument component block, contains all the fields commonly used to describe a security or instrument.  In the case of the InstrumentLeg component block it describes a security used in multileg-oriented messages.
      Refer to the Instrument component block comments as this component block mirrors Instrument, except for the noted fields.
      Several multileg-oriented messages specify an Instrument Leg component block. An instrument can have zero or more instrument legs. The fundamental business rule that applies to the multileg instrument is that the multileg instrument is defined as the combination of instrument legs. The multileg instrument must be able to be traded atomically – that all instrument legs are traded or none are traded.
      The LegRatioQty[623] is used to define the quantity of the leg that makes up a single unit of the multleg instrument. An option butterfly strategy is made up of three option legs.</Description>
	</Component>
	<Component added="FIX.4.3">
		<ComponentID>1008</ComponentID>
		<ComponentType>BlockRepeating</ComponentType>
		<CategoryID>Common</CategoryID>
		<Name>NestedParties</Name>
		<NotReqXML>1</NotReqXML>
		<Description>The NestedParties component block is identical to the Parties Block. It is used in other component blocks and repeating groups when nesting will take place resulting in multiple occurrences of the Parties block within a single FIX message.. Use of NestedParties under these conditions avoids multiple references to the Parties block within the same message which is not allowed in FIX tag/value syntax.</Description>
	</Component>
	<Component added="FIX.4.3">
		<ComponentID>1011</ComponentID>
		<ComponentType>Block</ComponentType>
		<CategoryID>Common</CategoryID>
		<Name>OrderQtyData</Name>
		<NotReqXML>1</NotReqXML>
		<Description>The OrderQtyData component block contains the fields commonly used for indicating the amount or quantity of an order. Note that when this component block is marked as "required" in a message either one of these three fields must be used to identify the amount: OrderQty, CashOrderQty or OrderPercent (in the case of CIV).</Description>
	</Component>
	<Component added="FIX.4.3">
		<ComponentID>1012</ComponentID>
		<ComponentType>BlockRepeating</ComponentType>
		<CategoryID>Common</CategoryID>
		<Name>Parties</Name>
		<NotReqXML>1</NotReqXML>
		<Description>The Parties component block is used to identify and convey information on the entities both central and peripheral to the financial transaction represented by the FIX message containing the Parties Block. The Parties block allows many different types of entites to be expressed through use of the PartyRole field and identifies the source of the PartyID through the the PartyIDSource.</Description>
	</Component>
	<Component added="FIX.4.3">
		<ComponentID>1018</ComponentID>
		<ComponentType>Block</ComponentType>
		<CategoryID>Common</CategoryID>
		<Name>SpreadOrBenchmarkCurveData</Name>
		<NotReqXML>1</NotReqXML>
		<Description>The SpreadOrBenchmarkCurveData component block is primarily used for Fixed Income to convey spread to a benchmark security or curve.</Description>
	</Component>
	<Component added="FIX.4.3">
		<ComponentID>1019</ComponentID>
		<ComponentType>BlockRepeating</ComponentType>
		<CategoryID>Common</CategoryID>
		<Name>Stipulations</Name>
		<NotReqXML>1</NotReqXML>
		<Description>The Stipulations component block is used in Fixed Income to provide additional information on a given security. These additional information are usually not considered static data information.</Description>
	</Component>
	<Component added="FIX.4.3">
		<ComponentID>1021</ComponentID>
		<ComponentType>Block</ComponentType>
		<CategoryID>Common</CategoryID>
		<Name>UnderlyingInstrument</Name>
		<NotReqXML>1</NotReqXML>
		<Description>The UnderlyingInstrument component block, like the Instrument component block, contains all the fields commonly used to describe a security or instrument. In the case of the UnderlyingInstrument component block it describes an instrument which underlies the primary instrument Refer to the Instrument component block comments as this component block mirrors Instrument, except for the noted fields.</Description>
	</Component>
	<Component added="FIX.4.3">
		<ComponentID>1022</ComponentID>
		<ComponentType>Block</ComponentType>
		<CategoryID>Common</CategoryID>
		<Name>YieldData</Name>
		<NotReqXML>1</NotReqXML>
		<Description>The YieldData component block conveys yield information for a given Fixed Income security.</Description>
	</Component>
	<Component added="FIX.4.0">
		<ComponentID>1024</ComponentID>
		<ComponentType>Block</ComponentType>
		<CategoryID>Session</CategoryID>
		<Name>StandardHeader</Name>
		<NotReqXML>1</NotReqXML>
		<Description>The standard FIX message header</Description>
	</Component>
	<Component added="FIX.4.0">
		<ComponentID>1025</ComponentID>
		<ComponentType>Block</ComponentType>
		<CategoryID>Session</CategoryID>
		<Name>StandardTrailer</Name>
		<NotReqXML>1</NotReqXML>
		<Description>The standard FIX message trailer</Description>
	</Component>
</Components>